{
  "lines.linewidth": 1.5,
  "patch.linewidth": 0.5,
  "legend.fancybox": true,
  "axes.facecolor": "#ffffff",
  "axes.axisbelow": true,
  "axes.grid": true,
  "patch.edgecolor": "#f0f0f0",
  "examples.directory": "",
  "figure.facecolor": "#ffffff",
  "grid.linestyle": "dotted",
  "grid.linewidth": 2.0,
  "grid.color": "#cbcbcb",
  "axes.edgecolor":"#f0f0f0",
  "xtick.major.size": 0,
  "xtick.minor.size": 0,
  "ytick.major.size": 0,
  "ytick.minor.size": 0,
  "axes.linewidth": 3.0,
  "font.size":12.0,
  "lines.solid_capstyle": "butt",
  "savefig.edgecolor": "#f0f0f0",
  "savefig.facecolor": "#f0f0f0",
  "figure.subplot.left"    : 0.08,
  "figure.subplot.right"   : 0.95, 
  "figure.subplot.bottom"  : 0.07,
  "figure.subplot.hspace"  : 0.5,
  "legend.scatterpoints" : 1
}

